0,/.
0,/./org
0,/./org/apache
0,/./org/apache/commons
0,/./org/apache/commons/io
642,/./org/apache/commons/io/DirectoryWalker
192,/./org/apache/commons/io/Charsets
0,/./org/apache/commons/io/comparator
142,/./org/apache/commons/io/comparator/SizeFileComparator
69,/./org/apache/commons/io/comparator/ReverseComparator
117,/./org/apache/commons/io/comparator/PathFileComparator
79,/./org/apache/commons/io/comparator/LastModifiedFileComparator
184,/./org/apache/commons/io/comparator/package.html
75,/./org/apache/commons/io/comparator/AbstractFileComparator
116,/./org/apache/commons/io/comparator/NameFileComparator
123,/./org/apache/commons/io/comparator/ExtensionFileComparator
122,/./org/apache/commons/io/comparator/CompositeFileComparator
68,/./org/apache/commons/io/comparator/DefaultFileComparator
81,/./org/apache/commons/io/comparator/DirectoryFileComparator
59,/./org/apache/commons/io/FileExistsException
156,/./org/apache/commons/io/FileDeleteStrategy
0,/./org/apache/commons/io/monitor
86,/./org/apache/commons/io/monitor/FileAlterationListener
194,/./org/apache/commons/io/monitor/FileAlterationMonitor
271,/./org/apache/commons/io/monitor/FileEntry
25,/./org/apache/commons/io/monitor/package.html
102,/./org/apache/commons/io/monitor/FileAlterationListenerAdaptor
474,/./org/apache/commons/io/monitor/FileAlterationObserver
3109,/./org/apache/commons/io/FileUtils
3246,/./org/apache/commons/io/IOUtils
0,/./org/apache/commons/io/filefilter
74,/./org/apache/commons/io/filefilter/DirectoryFileFilter
81,/./org/apache/commons/io/filefilter/NotFileFilter
197,/./org/apache/commons/io/filefilter/PrefixFileFilter
158,/./org/apache/commons/io/filefilter/AgeFileFilter
79,/./org/apache/commons/io/filefilter/HiddenFileFilter
75,/./org/apache/commons/io/filefilter/FalseFileFilter
122,/./org/apache/commons/io/filefilter/RegexFileFilter
63,/./org/apache/commons/io/filefilter/FileFileFilter
55,/./org/apache/commons/io/filefilter/IOFileFilter
139,/./org/apache/commons/io/filefilter/package.html
74,/./org/apache/commons/io/filefilter/TrueFileFilter
83,/./org/apache/commons/io/filefilter/CanWriteFileFilter
195,/./org/apache/commons/io/filefilter/WildcardFileFilter
796,/./org/apache/commons/io/filefilter/FileFilterUtils
109,/./org/apache/commons/io/filefilter/DelegateFileFilter
143,/./org/apache/commons/io/filefilter/WildcardFilter
198,/./org/apache/commons/io/filefilter/SuffixFileFilter
271,/./org/apache/commons/io/filefilter/MagicNumberFileFilter
87,/./org/apache/commons/io/filefilter/EmptyFileFilter
66,/./org/apache/commons/io/filefilter/AbstractFileFilter
174,/./org/apache/commons/io/filefilter/AndFileFilter
166,/./org/apache/commons/io/filefilter/OrFileFilter
190,/./org/apache/commons/io/filefilter/NameFileFilter
95,/./org/apache/commons/io/filefilter/CanReadFileFilter
65,/./org/apache/commons/io/filefilter/ConditionalFileFilter
107,/./org/apache/commons/io/filefilter/SizeFileFilter
576,/./org/apache/commons/io/FileSystemUtils
66,/./org/apache/commons/io/IOExceptionWithCause
200,/./org/apache/commons/io/LineIterator
0,/./org/apache/commons/io/input
231,/./org/apache/commons/io/input/BoundedInputStream
128,/./org/apache/commons/io/input/UnixLineEndingInputStream
83,/./org/apache/commons/io/input/DemuxInputStream
412,/./org/apache/commons/io/input/BOMInputStream
100,/./org/apache/commons/io/input/ClassLoaderObjectInputStream
66,/./org/apache/commons/io/input/TailerListener
297,/./org/apache/commons/io/input/ReaderInputStream
340,/./org/apache/commons/io/input/NullInputStream
165,/./org/apache/commons/io/input/CharSequenceReader
102,/./org/apache/commons/io/input/MessageDigestCalculatingInputStream
94,/./org/apache/commons/io/input/AutoCloseInputStream
260,/./org/apache/commons/io/input/ProxyReader
52,/./org/apache/commons/io/input/CloseShieldInputStream
52,/./org/apache/commons/io/input/InfiniteCircularInputStream
152,/./org/apache/commons/io/input/BoundedReader
108,/./org/apache/commons/io/input/BrokenInputStream
153,/./org/apache/commons/io/input/TeeInputStream
25,/./org/apache/commons/io/input/package.html
50,/./org/apache/commons/io/input/ClosedInputStream
269,/./org/apache/commons/io/input/CharSequenceInputStream
80,/./org/apache/commons/io/input/TailerListenerAdapter
266,/./org/apache/commons/io/input/SwappedDataInputStream
116,/./org/apache/commons/io/input/TaggedInputStream
796,/./org/apache/commons/io/input/XmlStreamReader
239,/./org/apache/commons/io/input/ProxyInputStream
134,/./org/apache/commons/io/input/WindowsLineEndingInputStream
144,/./org/apache/commons/io/input/CountingInputStream
323,/./org/apache/commons/io/input/NullReader
266,/./org/apache/commons/io/input/ObservableInputStream
557,/./org/apache/commons/io/input/Tailer
366,/./org/apache/commons/io/input/ReversedLinesFileReader
135,/./org/apache/commons/io/input/XmlStreamReaderException
0,/./org/apache/commons/io/serialization
32,/./org/apache/commons/io/serialization/ClassNameMatcher
58,/./org/apache/commons/io/serialization/RegexpClassNameMatcher
208,/./org/apache/commons/io/serialization/ValidatingObjectInputStream
24,/./org/apache/commons/io/serialization/package.html
46,/./org/apache/commons/io/serialization/WildcardClassNameMatcher
48,/./org/apache/commons/io/serialization/FullClassNameMatcher
159,/./org/apache/commons/io/FileCleaner
0,/./org/apache/commons/io/output
359,/./org/apache/commons/io/output/LockableFileWriter
274,/./org/apache/commons/io/output/ProxyWriter
123,/./org/apache/commons/io/output/CountingOutputStream
85,/./org/apache/commons/io/output/ChunkedWriter
347,/./org/apache/commons/io/output/WriterOutputStream
326,/./org/apache/commons/io/output/DeferredFileOutputStream
66,/./org/apache/commons/io/output/AppendableOutputStream
164,/./org/apache/commons/io/output/StringBuilderWriter
273,/./org/apache/commons/io/output/ThresholdingOutputStream
85,/./org/apache/commons/io/output/BrokenOutputStream
25,/./org/apache/commons/io/output/package.html
53,/./org/apache/commons/io/output/CloseShieldOutputStream
168,/./org/apache/commons/io/output/ProxyOutputStream
421,/./org/apache/commons/io/output/ByteArrayOutputStream
87,/./org/apache/commons/io/output/ChunkedOutputStream
116,/./org/apache/commons/io/output/TaggedOutputStream
108,/./org/apache/commons/io/output/TeeOutputStream
330,/./org/apache/commons/io/output/FileWriterWithEncoding
67,/./org/apache/commons/io/output/NullOutputStream
87,/./org/apache/commons/io/output/DemuxOutputStream
219,/./org/apache/commons/io/output/XmlStreamWriter
59,/./org/apache/commons/io/output/ClosedOutputStream
140,/./org/apache/commons/io/output/NullWriter
47,/./org/apache/commons/io/package.html
136,/./org/apache/commons/io/TaggedIOException
32,/./org/apache/commons/io/overview.html
66,/./org/apache/commons/io/ByteOrderParser
191,/./org/apache/commons/io/ByteOrderMark
162,/./org/apache/commons/io/HexDump
1453,/./org/apache/commons/io/FilenameUtils
253,/./org/apache/commons/io/IOCase
481,/./org/apache/commons/io/EndianUtils
391,/./org/apache/commons/io/CopyUtils
133,/./org/apache/commons/io/ThreadMonitor
287,/./org/apache/commons/io/FileCleaningTracker
